Distance [mm];Mag_B (Real) [tesla];Mag_B (Imag) [tesla]
0.0;0.00034564266111101837;0.0
0.017;0.0003439132472689991;0.0
0.034;0.00034218651403314;0.0
0.051000000000000004;0.0003404624447350196;0.0
0.068;0.000338741023492518;0.0
0.085;0.00033702223520981655;0.0
0.10200000000000001;0.0003353060655773996;0.0
0.11900000000000001;0.00033359250107205517;0.0
0.136;0.00033188152895687154;0.0
0.15300000000000002;0.0003301731372812404;0.0
0.17;0.0003284673148808563;0.0
0.187;0.0003267640513777149;0.0
0.20400000000000001;0.0003250633371801154;0.0
0.22100000000000003;0.0003233651634826586;0.0
0.23800000000000002;0.0003216695222662481;0.0
0.255;0.00031997640629808933;0.0
0.272;0.0003182858091316906;0.0
0.28900000000000003;0.00031659772510686236;0.0
0.30600000000000005;0.0003149121493497167;0.0
0.323;0.00031322907777266964;0.0
0.34;0.00031154850707443846;0.0
0.35700000000000004;0.00030987043474004286;0.0
0.374;0.0003081948590408046;0.0
0.391;0.00030652177903434916;0.0
0.40800000000000003;0.00030485119456460236;0.0
0.42500000000000004;0.0003031831062617946;0.0
0.44200000000000006;0.00030151751554245677;0.0
0.459;0.0002998544246094226;0.0
0.47600000000000003;0.00029819383645182895;0.0
0.49300000000000005;0.0002965357548451142;0.0
0.51;0.00029488018435101934;0.0
0.527;0.0002932271303175878;0.0
0.544;0.00029157659887916554;0.0
0.561;0.0002899285969563998;0.0
0.5780000000000001;0.0002882831322562414;0.0
0.5950000000000001;0.0002866402132719436;0.0
0.6120000000000001;0.00028499984928306095;0.0
0.629;0.00028336205035545093;0.0
0.646;0.0002817268273412736;0.0
0.663;0.0002800941918789913;0.0
0.68;0.0002784641563933683;0.0
0.6970000000000001;0.0002768367340954711;0.0
0.7140000000000001;0.0002752119389826693;0.0
0.7310000000000001;0.0002735897858386348;0.0
0.748;0.00027197029023334063;0.0
0.765;0.00027035346852306396;0.0
0.782;0.0002687393378503827;0.0
0.799;0.0002671279161441786;0.0
0.8160000000000001;0.00026551922211963397;0.0
0.8330000000000001;0.00026391327527823543;0.0
0.8500000000000001;0.0002623100959077706;0.0
0.8670000000000001;0.0002607097050823299;0.0
0.8840000000000001;0.00025911212466230634;0.0
0.901;0.0002575173772943943;0.0
0.918;0.00025592548641159216;0.0
0.935;0.0002543364762331989;0.0
0.9520000000000001;0.00025275037176481706;0.0
0.9690000000000001;0.00025116719879835116;0.0
0.9860000000000001;0.00024958698391200796;0.0
1.0030000000000001;0.00024800975447029634;0.0
1.02;0.0002464355386240286;0.0
1.0370000000000001;0.0002448643653103179;0.0
1.054;0.0002432962642525807;0.0
1.0710000000000002;0.00024173126596053606;0.0
1.088;0.00024016940173020426;0.0
1.105;0.00023861070364390873;0.0
1.122;0.0002370552045702755;0.0
1.139;0.00023550293816423256;0.0
1.1560000000000001;0.00023395393886701003;0.0
1.173;0.0002324082419061405;0.0
1.1900000000000002;0.00023086588329545934;0.0
1.207;0.00022932689983510383;0.0
1.2240000000000002;0.00022779132911151365;0.0
1.241;0.00022625920949743123;0.0
1.258;0.00022473058015190056;0.0
1.2750000000000001;0.0002232054810202689;0.0
1.292;0.0002216839528341854;0.0
1.3090000000000002;0.00022016603711160144;0.0
1.326;0.00021865177615677057;0.0
1.3430000000000002;0.0002171412130602497;0.0
1.36;0.00021563439169889668;0.0
1.377;0.00021413135673587334;0.0
1.3940000000000001;0.00021263215362064204;0.0
1.4109999999999998;0.00021113682858896893;0.0
1.4280000000000002;0.0002096454286629219;0.0
1.445;0.00020815800165087118;0.0
1.4620000000000002;0.0002065265480223084;0.0
1.479;0.0002040941113302019;0.0
1.496;0.0002016670068134199;0.0
1.513;0.00019924459822852036;0.0
1.53;0.00019682628690513655;0.0
1.5470000000000002;0.00019441151174597867;0.0
1.564;0.00019199974922683304;0.0
1.5810000000000002;0.0001895905133965622;0.0
1.598;0.0001871833558771045;0.0
1.615;0.00018477786586347528;0.0
1.6320000000000001;0.00018237367012376493;0.0
1.649;0.00017997043299914045;0.0
1.6660000000000001;0.00017907348501835038;0.0
1.683;0.00017823564957922892;0.0
1.7000000000000002;0.00017740168359901007;0.0
1.7169999999999999;0.00017657161451689474;0.0
1.7340000000000002;0.00017574546980817827;0.0
1.7510000000000001;0.00017492327698425214;0.0
1.7680000000000002;0.00017410506359260574;0.0
1.7850000000000001;0.00017329085721682174;0.0
1.802;0.00017248068547658253;0.0
1.819;0.0001716745760276631;0.0
1.836;0.00017087255656193678;0.0
1.8530000000000002;0.00017007465480737264;0.0
1.87;0.0001692808985280354;0.0
1.8870000000000002;0.0001684913155240866;0.0
1.9040000000000001;0.00016770593363178314;0.0
1.9209999999999998;0.0001669247807234792;0.0
1.9380000000000002;0.00016614788470762352;0.0
1.955;0.00016537527352876276;0.0
1.9720000000000002;0.00016460697516753833;0.0
1.9890000000000003;0.00016384301764068863;0.0
2.0060000000000002;0.0001630834290010479;0.0
2.023;0.00016232823733754634;0.0
2.04;0.00016157747077521025;0.0
2.057;0.00016083115747516283;0.0
2.0740000000000003;0.00016008932563462246;0.0
2.0909999999999997;0.00015935200348690489;0.0
2.108;0.0001586192193014203;0.0
2.125;0.00015789100138367647;0.0
2.1420000000000003;0.00015716737807527692;0.0
2.1590000000000003;0.0001564483777539211;0.0
2.176;0.00015573402883340456;0.0
2.193;0.00015502435976361983;0.0
2.21;0.00015431939903055424;0.0
2.2270000000000003;0.00015361917515629213;0.0
2.244;0.000152923716699014;0.0
2.261;0.00015223305225299627;0.0
2.278;0.00015154721044861164;0.0
2.295;0.0001508662199523289;0.0
2.3120000000000003;0.00015019010946671282;0.0
2.329;0.00014962619482634736;0.0
2.346;0.00014942489614318643;0.0
2.363;0.00014922374455765477;0.0
2.3800000000000003;0.00014902274004508048;0.0
2.3970000000000002;0.00014882188258650493;0.0
2.414;0.00014862117216868278;0.0
2.431;0.00014842060878408246;0.0
2.4480000000000004;0.00014822019243088553;0.0
2.4650000000000003;0.00014801992311298774;0.0
2.482;0.00014781980083999682;0.0
2.4989999999999997;0.00014761982562723594;0.0
2.516;0.00014741999749573974;0.0
2.5330000000000004;0.00014722031647225768;0.0
2.5500000000000003;0.00014702078258925226;0.0
2.567;0.00014682139588489891;0.0
2.584;0.0001466221564030873;0.0
2.601;0.0001464230641934201;0.0
2.6180000000000003;0.00014622411931121344;0.0
2.6350000000000002;0.00014602532181749747;0.0
2.652;0.00014582667177901457;0.0
2.669;0.00014562816926822175;0.0
2.6860000000000004;0.0001454298143632888;0.0
2.703;0.0001452316071480995;0.0
2.72;0.00014503354771225034;0.0
2.737;0.00014483563615105225;0.0
2.754;0.00014463787256552806;0.0
2.7710000000000004;0.000144440257062416;0.0
2.7880000000000003;0.00014424278975416622;0.0
2.805;0.00014404547075894269;0.0
2.8219999999999996;0.0001438483002006236;0.0
2.8390000000000004;0.00014365127820879924;0.0
2.8560000000000003;0.00014345440491877486;0.0
2.873;0.00014325768047156808;0.0
2.89;0.00014306110501390983;0.0
2.9069999999999996;0.0001428646786982452;0.0
2.9240000000000004;0.00014266840168273263;0.0
2.9410000000000003;0.0001424722741312437;0.0
2.958;0.00014227629621336375;0.0
2.975;0.00014208046810439088;0.0
2.992;0.00014188478998533767;0.0
3.0090000000000003;0.00014168926204292942;0.0
3.026;0.0001414938844696049;0.0
3.043;0.00014129865746351648;0.0
3.06;0.0001411035812285304;0.0
3.0770000000000004;0.00014090865597422554;0.0
3.0940000000000003;0.00014071388191589496;0.0
3.1109999999999998;0.00014051925927454427;0.0
3.128;0.00014032478827689365;0.0
3.145;0.00014013046915537606;0.0
3.1620000000000004;0.00013993630214813752;0.0
3.1790000000000003;0.00013974228749903854;0.0
3.196;0.00013954842545765248;0.0
3.213;0.00013935471627926583;0.0
3.23;0.00013916116022487924;0.0
3.2470000000000003;0.0001389677575612064;0.0
3.2640000000000002;0.00013877450856067449;0.0
3.281;0.0001385814135014238;0.0
3.298;0.00013838847266730894;0.0
3.3150000000000004;0.0001381956863478968;0.0
3.3320000000000003;0.00013800305483846928;0.0
3.349;0.00013781057844001988;0.0
3.366;0.00013761825745925684;0.0
3.3830000000000005;0.00013742609220860214;0.0
3.4000000000000004;0.00013723408300618916;0.0
3.4170000000000003;0.00013704223017586728;0.0
3.4339999999999997;0.00013685053404719725;0.0
3.451;0.000136658994955455;0.0
3.4680000000000004;0.00013646761324162882;0.0
3.4850000000000003;0.0001362763892524202;0.0
3.5020000000000002;0.00013608532334024532;0.0
3.519;0.00013589441586323264;0.0
3.5360000000000005;0.00013570366718522456;0.0
3.553;0.00013551307767577686;0.0
3.5700000000000003;0.000135322647710159;0.0
3.587;0.00013513237766935317;0.0
3.604;0.00013494226794005587;0.0
3.6210000000000004;0.0001347523189146766;0.0
3.638;0.00013456253099133856;0.0
3.6550000000000002;0.0001343729045738777;0.0
3.672;0.00013418344007184443;0.0
3.689;0.00013399413790050158;0.0
3.7060000000000004;0.0001338049984808265;0.0
3.7230000000000003;0.00013361602223950942;0.0
3.74;0.00013342720960895355;0.0
3.7569999999999997;0.00013323856102727654;0.0
3.7740000000000005;0.00013305007693830857;0.0
3.7910000000000004;0.00013286175779159379;0.0
3.8080000000000003;0.00013267360404238974;0.0
3.825;0.0001324856161516675;0.0
3.8419999999999996;0.00013229779458611107;0.0
3.8590000000000004;0.00013211013981811881;0.0
3.8760000000000003;0.00013192265232580156;0.0
3.8930000000000002;0.00013173533259298425;0.0
3.91;0.0001315481811092048;0.0
3.927000000000001;0.00013136119836971484;0.0
3.9440000000000004;0.00013117438487547967;0.0
3.961;0.0001309877411331775;0.0
3.9780000000000006;0.0001308012676552005;0.0
3.995;0.00013061496495965442;0.0
4.0120000000000005;0.00013042883357035706;0.0
4.029;0.00013024287401684163;0.0
4.046;0.0001300570868343537;0.0
4.063000000000001;0.00012987147256385178;0.0
4.08;0.00012968603175200972;0.0
4.097;0.00012950076495121235;0.0
4.114;0.00012931567271955993;0.0
4.131;0.00012913075562086523;0.0
4.148000000000001;0.0001289460142246547;0.0
4.165;0.00012876144910616802;0.0
4.1819999999999995;0.00012857706084635874;0.0
4.199000000000001;0.00012839285003189368;0.0
4.216;0.0001282088172551529;0.0
4.2330000000000005;0.0001280249631142296;0.0
4.25;0.00012784128821293172;0.0
4.2669999999999995;0.00012765779316077901;0.0
4.284000000000001;0.00012747447857300613;0.0
4.301;0.00012729134507056029;0.0
4.3180000000000005;0.00012710839328010192;0.0
4.335;0.00012692562383400605;0.0
4.352;0.00012674303737036;0.0
4.369000000000001;0.00012656063453296497;0.0
4.386;0.00012637841597133587;0.0
4.4030000000000005;0.00012619638234070074;0.0
4.42;0.000126014534302001;0.0
4.437;0.00012583287252189177;0.0
4.454000000000001;0.00012565139767274167;0.0
4.471;0.00012547011043263228;0.0
4.488;0.00012528901148535902;0.0
4.505;0.00012510810152043078;0.0
4.522;0.00012492738123307;0.0
4.539000000000001;0.00012474685132421166;0.0
4.556;0.00012456651250050568;0.0
4.573;0.0001243863654743144;0.0
4.59;0.00012420641096371358;0.0
4.607;0.00012402664969249296;0.0
4.6240000000000006;0.00012384708239015523;0.0
4.641;0.00012366770979191705;0.0
4.658;0.00012348853263870795;0.0
4.675;0.00012330955167717136;0.0
4.692;0.00012313076765966405;0.0
4.7090000000000005;0.00012295218134425608;0.0
4.726;0.00012277379349473112;0.0
4.743;0.000122595604880586;0.0
4.760000000000001;0.0001224176162770312;0.0
4.777;0.00012223982846499103;0.0
4.7940000000000005;0.00012206224223110251;0.0
4.811;0.00012188485836771663;0.0
4.828;0.00012170767767289792;0.0
4.845000000000001;0.0001215307009504233;0.0
4.862;0.00012135392900978475;0.0
4.8790000000000004;0.0001211773626661866;0.0
4.896000000000001;0.00012100100274054695;0.0
4.912999999999999;0.00012082485005949723;0.0
4.930000000000001;0.0001206489054553824;0.0
4.947;0.00012047316976626112;0.0
4.964;0.00012029764383590468;0.0
4.981000000000001;0.00012012232851379927;0.0
4.997999999999999;0.00011994722465514275;0.0
5.015000000000001;0.0001197723331208474;0.0
5.032;0.00011959765477753952;0.0
5.049;0.00011942319049755764;0.0
5.066000000000001;0.00011924894115895457;0.0
5.082999999999999;0.00011907490764549596;0.0
5.1000000000000005;0.00011890109084666153;0.0
5.117;0.00011872749165764396;0.0
5.134;0.00011855411097934994;0.0
5.151000000000001;0.00011838094971839864;0.0
5.168;0.00011820800878712366;0.0
5.1850000000000005;0.00011803528910357168;0.0
5.202;0.00011786279159150266;0.0
5.219;0.0001176905171803901;0.0
5.236000000000001;0.0001175184668054212;0.0
5.253;0.00011734664140749604;0.0
5.2700000000000005;0.0001171750419332292;0.0
5.287000000000001;0.00011700366933494742;0.0
5.304;0.00011683252457069154;0.0
5.321;0.00011666160860421578;0.0
5.338;0.00011649092240498801;0.0
5.355;0.00011632046694818949;0.0
5.372000000000001;0.0001161502432147144;0.0
5.389;0.00011598025219117086;0.0
5.406;0.00011581049486988035;0.0
5.423;0.00011564097224887808;0.0
5.44;0.00011547168533191195;0.0
5.457000000000001;0.00011530263512844409;0.0
5.474;0.00011513382265364944;0.0
5.4910000000000005;0.0001149652489284172;0.0
5.508;0.00011479691497934894;0.0
5.525;0.00011462882183876073;0.0
5.542000000000001;0.00011446097054468132;0.0
5.559;0.00011429336214085306;0.0
5.5760000000000005;0.00011412599767673193;0.0
5.593;0.00011395887820748764;0.0
5.61;0.00011379200479400301;0.0
5.627000000000001;0.00011362537850287367;0.0
5.643999999999999;0.00011345900040641043;0.0
5.6610000000000005;0.00011329287158263518;0.0
5.678000000000001;0.00011312699311528552;0.0
5.695;0.00011296136609381121;0.0
5.712000000000001;0.0001127955914752431;0.0
5.728999999999999;0.00011261331589303156;0.0
5.746;0.00011243120704755066;0.0
5.763000000000001;0.00011224926444225321;0.0
5.78;0.00011206748758223543;0.0
5.797000000000001;0.00011188587597423823;0.0
5.813999999999999;0.00011170442912664604;0.0
5.831;0.00011152314654948835;0.0
5.848000000000001;0.00011134202775443734;0.0
5.865;0.00011116107225481024;0.0
5.882000000000001;0.0001109802795655679;0.0
5.899;0.00011079964920331538;0.0
5.916;0.00011061918068630185;0.0
5.933000000000001;0.0001104388735344201;0.0
5.95;0.00011025872726920783;0.0
5.9670000000000005;0.00011007874141384598;0.0
5.984;0.00010989891549316015;0.0
6.001;0.00010971924903361937;0.0
6.018000000000001;0.000109539741563337;0.0
6.035;0.00010936039261207117;0.0
6.052;0.00010918120171122271;0.0
6.069000000000001;0.00010900216839383753;0.0
6.086;0.00010882329219460527;0.0
6.103000000000001;0.00010864457264985952;0.0
6.12;0.00010846600929757836;0.0
6.137;0.00010828760167738328;0.0
6.154000000000001;0.00010810934933054037;0.0
6.171;0.0001079312517999598;0.0
6.188000000000001;0.00010775330863019495;0.0
6.205;0.00010757551936744431;0.0
6.2219999999999995;0.00010739788355955012;0.0
6.239000000000001;0.00010722040075599806;0.0
6.256;0.00010704307050791861;0.0
6.273000000000001;0.00010686589236808637;0.0
6.29;0.00010668886589091921;0.0
6.307;0.00010651199063248006;0.0
6.324000000000001;0.00010633526615047457;0.0
6.341;0.00010615869200425415;0.0
6.3580000000000005;0.00010598226775481271;0.0
6.375;0.0001058059929647893;0.0
6.392;0.00010562986719846641;0.0
6.409000000000001;0.00010545389002177111;0.0
6.426;0.00010527806100227366;0.0
6.4430000000000005;0.00010510237970918927;0.0
6.46;0.00010492684571337686;0.0
6.477;0.00010475145858733942;0.0
6.494000000000001;0.00010457621790522382;0.0
6.511;0.00010440112324282128;0.0
6.5280000000000005;0.0001042261741775668;0.0
6.545;0.00010405137028854003;0.0
6.562;0.00010387671115646345;0.0
6.579000000000001;0.00010370219636370514;0.0
6.596;0.0001035278254942763;0.0
6.613;0.00010335359813383205;0.0
6.630000000000001;0.00010317951386967219;0.0
6.647;0.0001030055722907403;0.0
6.664000000000001;0.00010283177298762376;0.0
6.681;0.00010265811555255422;0.0
6.698;0.00010248459957940777;0.0
6.715000000000001;0.00010231122466370401;0.0
6.732;0.00010213799040260653;0.0
6.7490000000000006;0.00010196489639492332;0.0
6.766000000000001;0.00010179194224110673;0.0
6.7829999999999995;0.00010161912754325229;0.0
6.800000000000001;0.00010144645190510053;0.0
6.817;0.00010127391493203506;0.0
6.8340000000000005;0.00010110151623108443;0.0
6.851000000000001;0.00010092925541092086;0.0
6.867999999999999;0.00010075713208186056;0.0
6.885000000000001;0.00010058514585586371;0.0
6.902;0.00010041329634653503;0.0
6.9190000000000005;0.00010024158316912271;0.0
6.936000000000001;0.00010007000594051972;0.0
6.952999999999999;9.989856427926223e-05;0.0
6.970000000000001;9.972725780553116e-05;0.0
6.987;9.955608614115089e-05;0.0
7.0040000000000004;9.938504890959043e-05;0.0
7.021000000000001;9.921414573596254e-05;0.0
7.038;9.904337624702398e-05;0.0
7.055000000000001;9.887274007117585e-05;0.0
7.072000000000001;9.870223683846314e-05;0.0
7.089;9.853186618057483e-05;0.0
7.106;9.83616277308441e-05;0.0
7.123;9.819152112424798e-05;0.0
7.140000000000001;9.802154599740773e-05;0.0
7.157000000000001;9.78517019885887e-05;0.0
7.174;9.768198873770013e-05;0.0
7.191;9.751240588629556e-05;0.0
7.208;9.734295307757222e-05;0.0
7.2250000000000005;9.71736299563716e-05;0.0
7.242000000000001;9.700443616917954e-05;0.0
7.259;9.683537136412541e-05;0.0
7.276;9.666643519098316e-05;0.0
7.293;9.649762730117033e-05;0.0
7.3100000000000005;9.632894734774881e-05;0.0
7.327000000000001;9.616039498542417e-05;0.0
7.344;9.599196987054668e-05;0.0
7.361;9.582367166111023e-05;0.0
7.378;9.565550001675263e-05;0.0
7.3950000000000005;9.548745459875594e-05;0.0
7.412000000000001;9.531953507004659e-05;0.0
7.428999999999999;9.515174109519474e-05;0.0
7.446000000000001;9.498407234041476e-05;0.0
7.463000000000001;9.481652847356441e-05;0.0
7.48;9.464910916414639e-05;0.0
7.497000000000001;9.448181408330723e-05;0.0
7.513999999999999;9.431464290383739e-05;0.0
7.531000000000001;9.414759530017126e-05;0.0
7.548000000000001;9.39806709483875e-05;0.0
7.565;9.381386952620864e-05;0.0
7.582000000000001;9.364719071300175e-05;0.0
7.598999999999999;9.348063418977729e-05;0.0
7.6160000000000005;9.331419963919024e-05;0.0
7.633000000000001;9.314788674553932e-05;0.0
7.65;9.29816951947676e-05;0.0
7.667000000000001;9.281562467446217e-05;0.0
7.683999999999999;9.264967487385378e-05;0.0
7.7010000000000005;9.248384548381782e-05;0.0
7.718000000000001;9.23181361968733e-05;0.0
7.735;9.215254670718364e-05;0.0
7.752000000000001;9.198707671055592e-05;0.0
7.769;9.182172590444166e-05;0.0
7.7860000000000005;9.16564939879361e-05;0.0
7.803000000000001;9.149138066177895e-05;0.0
7.82;9.132638562835347e-05;0.0
7.837;9.116150859168721e-05;0.0
7.854000000000002;9.099674925745193e-05;0.0
7.871000000000001;9.083210733296325e-05;0.0
7.888000000000001;9.0667582527181e-05;0.0
7.905;9.0503174550709e-05;0.0
7.922;9.033888311579521e-05;0.0
7.939000000000002;9.017470793633105e-05;0.0
7.956000000000001;9.001064872785312e-05;0.0
7.973000000000001;8.984670520754106e-05;0.0
7.99;8.968287709421918e-05;0.0
8.007000000000001;8.951916410835526e-05;0.0
8.024000000000001;8.935556597206194e-05;0.0
8.040999999999999;8.91920824090953e-05;0.0
8.058;8.902871314485566e-05;0.0
8.075000000000001;8.886545790638745e-05;0.0
8.092;8.870231642237914e-05;0.0
8.109;8.8539288423163e-05;0.0
8.126000000000001;8.837637364071575e-05;0.0
8.143;8.821357180865796e-05;0.0
8.16;8.805088266225444e-05;0.0
8.177000000000001;8.788830593841354e-05;0.0
8.194;8.772584137568849e-05;0.0
8.210999999999999;8.756348871427595e-05;0.0
8.228;8.740124769601665e-05;0.0
8.245000000000001;8.723911806439573e-05;0.0
8.262;8.707709956454227e-05;0.0
8.279;8.691519194322911e-05;0.0
8.296000000000001;8.675339494887336e-05;0.0
8.313;8.659170833153658e-05;0.0
8.33;8.643013184292343e-05;0.0
8.347000000000001;8.626866523638367e-05;0.0
8.363999999999999;8.610730826691057e-05;0.0
8.381;8.594606069114138e-05;0.0
8.398000000000001;8.57849222673578e-05;0.0
8.415000000000001;8.562389275548513e-05;0.0
8.432;8.546297191709306e-05;0.0
8.449;8.530215951539528e-05;0.0
8.466000000000001;8.514145531524947e-05;0.0
8.483;8.498085908315729e-05;0.0
8.5;8.482037058726464e-05;0.0
8.517000000000001;8.465998959736125e-05;0.0
8.533999999999999;8.449971588488117e-05;0.0
8.551;8.433954922290256e-05;0.0
8.568000000000001;8.41794893861472e-05;0.0
8.585;8.401953615098111e-05;0.0
8.602;8.38596892954147e-05;0.0
8.619;8.369994859910211e-05;0.0
8.636000000000001;8.35403138433417e-05;0.0
8.653;8.338078481107567e-05;0.0
8.67;8.322136128689029e-05;0.0
8.687000000000001;8.306204305701623e-05;0.0
8.704;8.290282990932804e-05;0.0
8.721;8.274372163334401e-05;0.0
8.738000000000001;8.258471802022702e-05;0.0
8.755;8.242581886278357e-05;0.0
8.772;8.226702395546431e-05;0.0
8.789000000000001;8.210833309436441e-05;0.0
8.806000000000001;8.194974607722246e-05;0.0
8.823;8.179126270342125e-05;0.0
8.84;8.163288277398785e-05;0.0
8.857;8.147460609159334e-05;0.0
8.874;8.131643246055274e-05;0.0
8.891;8.115836168682544e-05;0.0
8.908000000000001;8.100039357801416e-05;0.0
8.925;8.084252794336646e-05;0.0
8.942;8.068476459377359e-05;0.0
8.959000000000001;8.052710334177101e-05;0.0
8.976;8.03695440015377e-05;0.0
8.993;8.021208638889781e-05;0.0
9.01;8.005473032131834e-05;0.0
9.027;7.989747561791118e-05;0.0
9.044;7.97403220994318e-05;0.0
9.061;7.958326958828018e-05;0.0
9.078000000000001;7.942631790849973e-05;0.0
9.095;7.92694668857784e-05;0.0
9.112;7.911271634744814e-05;0.0
9.129000000000001;7.895606612248507e-05;0.0
9.146;7.87995160415088e-05;0.0
9.163;7.864306593678359e-05;0.0
9.18;7.848671564221749e-05;0.0
9.197000000000001;7.833046499336272e-05;0.0
9.214;7.81743138274156e-05;0.0
9.231;7.801826198321615e-05;0.0
9.248000000000001;7.786230930124901e-05;0.0
9.265;7.770645562364225e-05;0.0
9.282;7.755070079416865e-05;0.0
9.299000000000001;7.739504465824439e-05;0.0
9.316;7.723948706293035e-05;0.0
9.333;7.708402785693118e-05;0.0
9.35;7.692866689059518e-05;0.0
9.367;7.677340401591552e-05;0.0
9.384;7.661823908652879e-05;0.0
9.401;7.646317195771572e-05;0.0
9.418000000000001;7.630820248640156e-05;0.0
9.435;7.615333053115494e-05;0.0
9.452;7.599855595218922e-05;0.0
9.469000000000001;7.584387861136118e-05;0.0
9.486;7.568929837217221e-05;0.0
9.502999999999998;7.553481509976713e-05;0.0
9.520000000000001;7.538042866093578e-05;0.0
9.537;7.522613892411099e-05;0.0
9.554;7.507194575937046e-05;0.0
9.571000000000002;7.49178490384354e-05;0.0
9.588000000000001;7.476384863467137e-05;0.0
9.605;7.460994442308802e-05;0.0
9.622;7.445613628033876e-05;0.0
9.639000000000001;7.430242408472133e-05;0.0
9.656;7.414880771617753e-05;0.0
9.672999999999998;7.399528705629295e-05;0.0
9.690000000000001;7.384186198829768e-05;0.0
9.707;7.36885323970655e-05;0.0
9.724;7.35352981691142e-05;0.0
9.741000000000001;7.338215919260599e-05;0.0
9.758000000000001;7.322911535734691e-05;0.0
9.775;7.307616655478707e-05;0.0
9.792000000000002;7.292331267802058e-05;0.0
9.809000000000001;7.277055362178556e-05;0.0
9.825999999999999;7.261788928246471e-05;0.0
9.843;7.246531955808391e-05;0.0
9.860000000000001;7.231284434831397e-05;0.0
9.877;7.216046355446902e-05;0.0
9.894;7.200817707950786e-05;0.0
9.911000000000001;7.185598482803287e-05;0.0
9.928;7.17038867062907e-05;0.0
9.945;7.155188262217224e-05;0.0
9.962000000000002;7.139997248521204e-05;0.0
9.979000000000001;7.1248156206589e-05;0.0
9.995999999999999;7.109643369912594e-05;0.0
10.013;7.094480487728983e-05;0.0
10.030000000000001;7.079326965719172e-05;0.0
10.047;7.06418279565864e-05;0.0
10.064;7.04904796948733e-05;0.0
10.081000000000001;7.033922479309529e-05;0.0
10.098;7.018806317393977e-05;0.0
10.115;7.003699476173787e-05;0.0
10.132000000000001;6.98860194824651e-05;0.0
10.149000000000001;6.973513726374067e-05;0.0
10.165999999999999;6.958434803482816e-05;0.0
10.183000000000002;6.943365172663484e-05;0.0
10.200000000000001;6.928304827171252e-05;0.0
10.217;6.913253760425665e-05;0.0
10.234;6.898211966010688e-05;0.0
10.251000000000001;6.883179437674725e-05;0.0
10.268;6.86815616933053e-05;0.0
10.285;6.853142155055274e-05;0.0
10.302000000000001;6.838137389090568e-05;0.0
10.318999999999999;6.823141865842412e-05;0.0
10.336;6.808155579881196e-05;0.0
10.353000000000002;6.793178525941717e-05;0.0
10.370000000000001;6.778210698923217e-05;0.0
10.387;6.763252093889295e-05;0.0
10.404;6.74830270606797e-05;0.0
10.421000000000001;6.733362530851692e-05;0.0
10.438;6.718431563797275e-05;0.0
10.455;6.703509800625974e-05;0.0
10.472000000000001;6.68859723722345e-05;0.0
10.488999999999999;6.673693869639731e-05;0.0
10.506;6.658799694089281e-05;0.0
10.523000000000001;6.643914706950979e-05;0.0
10.540000000000001;6.62903890476808e-05;0.0
10.557;6.614172284248272e-05;0.0
10.574000000000002;6.599314842263637e-05;0.0
10.591000000000001;6.584466575850653e-05;0.0
10.608;6.569627482210216e-05;0.0
10.625;6.554797558707631e-05;0.0
10.642;6.539976802872605e-05;0.0
10.659;6.525165212399233e-05;0.0
10.676;6.510362785146043e-05;0.0
10.693000000000001;6.495569519135952e-05;0.0
10.71;6.480785412556317e-05;0.0
10.727;6.466010463758825e-05;0.0
10.744000000000002;6.451244671259639e-05;0.0
10.761000000000001;6.436488033739299e-05;0.0
10.778;6.42174055004277e-05;0.0
10.795;6.407002219179391e-05;0.0
10.812;6.392273040322934e-05;0.0
10.829;6.37755301281157e-05;0.0
10.846;6.362842136147864e-05;0.0
10.863000000000001;6.348140409998803e-05;0.0
10.88;6.333447834195762e-05;0.0
10.897;6.318764408734538e-05;0.0
10.914000000000001;6.304090133775345e-05;0.0
10.931000000000001;6.289425009642752e-05;0.0
10.948;6.274769036825804e-05;0.0
10.965;6.260122215977868e-05;0.0
10.982000000000001;6.245484547916817e-05;0.0
10.999;6.230856033624835e-05;0.0
11.016;6.216236674248568e-05;0.0
11.033000000000001;6.201626471099077e-05;0.0
11.05;6.187025425651766e-05;0.0
11.067;6.172433539546502e-05;0.0
11.084000000000001;6.157850814587542e-05;0.0
11.101;6.143298412516476e-05;0.0
11.118;6.128835879842047e-05;0.0
11.135;6.114397584926138e-05;0.0
11.152000000000001;6.099983471472649e-05;0.0
11.169;6.08559348317816e-05;0.0
11.186;6.0712275637318875e-05;0.0
11.203000000000001;6.0568856568157455e-05;0.0
11.22;6.042567706104282e-05;0.0
11.237;6.0282736552647185e-05;0.0
11.254000000000001;6.014003447956942e-05;0.0
11.271;5.9997570278335034e-05;0.0
11.287999999999998;5.985534338539596e-05;0.0
11.305;5.971335323713107e-05;0.0
11.322000000000001;5.957159926984572e-05;0.0
11.339;5.943008091977165e-05;0.0
11.356000000000002;5.9288797623067786e-05;0.0
11.373000000000001;5.914774881581898e-05;0.0
11.39;5.900693393403742e-05;0.0
11.407;5.886635241366142e-05;0.0
11.424000000000001;5.872600369055601e-05;0.0
11.441;5.858588720051308e-05;0.0
11.457999999999998;5.8446002379250763e-05;0.0
11.475000000000001;5.830634866241421e-05;0.0
11.492;5.8166925485574955e-05;0.0
11.509;5.8027732284231285e-05;0.0
11.526000000000002;5.7888768493808004e-05;0.0
11.543000000000001;5.775003354965655e-05;0.0
11.56;5.761152688705502e-05;0.0
11.577;5.7473247941208224e-05;0.0
11.594000000000001;5.7335196147247464e-05;0.0
11.610999999999999;5.71973709402308e-05;0.0
11.627999999999998;5.705977175514273e-05;0.0
11.645000000000001;5.692239802689454e-05;0.0
11.662;5.678524919032409e-05;0.0
11.679;5.664832468019592e-05;0.0
11.696000000000002;5.651162393120114e-05;0.0
11.713000000000001;5.6375146377957296e-05;0.0
11.73;5.6238891455008965e-05;0.0
11.747000000000002;5.6102858596827044e-05;0.0
11.764000000000001;5.596704723780917e-05;0.0
11.780999999999999;5.583145681227959e-05;0.0
11.798;5.569608675448913e-05;0.0
11.815000000000001;5.556093649861538e-05;0.0
11.832;5.542600547876238e-05;0.0
11.849;5.5291293128960886e-05;0.0
11.866000000000001;5.5156798883168194e-05;0.0
11.883000000000001;5.502252217526848e-05;0.0
11.9;5.488846243907227e-05;0.0
11.917000000000002;5.47546191083168e-05;0.0
11.934000000000001;5.462099161666587e-05;0.0
11.950999999999999;5.448757939771018e-05;0.0
11.968;5.4354381884966685e-05;0.0
11.985000000000001;5.422139851187923e-05;0.0
12.002;5.4088628711818136e-05;0.0
12.019;5.39560719180805e-05;0.0
12.036000000000001;5.382372756388985e-05;0.0
12.053;5.3691595082396416e-05;0.0
12.07;5.3559673906677214e-05;0.0
12.087000000000002;5.342796346973561e-05;0.0
12.104;5.3296463204501874e-05;0.0
12.121;5.316517254383268e-05;0.0
12.138000000000002;5.303409092051149e-05;0.0
12.155000000000001;5.2903217767248195e-05;0.0
12.172;5.2772552516679526e-05;0.0
12.189;5.264209460136872e-05;0.0
12.206000000000001;5.251184345380571e-05;0.0
12.223;5.238179850640692e-05;0.0
12.24;5.2251959191515554e-05;0.0
12.257000000000001;5.2122324941401375e-05;0.0
12.274;5.199289518826076e-05;0.0
12.291;5.1863669364216766e-05;0.0
12.308000000000002;5.173464690131901e-05;0.0
12.325000000000001;5.160582723154375e-05;0.0
12.342;5.147720978679392e-05;0.0
12.359000000000002;5.1348793998898934e-05;0.0
12.376000000000001;5.1220579299615135e-05;0.0
12.393;5.1092565120625186e-05;0.0
12.41;5.096475089353844e-05;0.0
12.427;5.083713604989103e-05;0.0
12.443999999999999;5.070972002114551e-05;0.0
12.461;5.0582502238691185e-05;0.0
12.478000000000002;5.0455482133844097e-05;0.0
12.495000000000001;5.032865913784657e-05;0.0
12.512;5.0202032681867925e-05;0.0
12.529000000000002;5.007560219700385e-05;0.0
12.546000000000001;4.994936711427681e-05;0.0
12.563;4.982332686463572e-05;0.0
12.58;4.9697480878956435e-05;0.0
12.597;4.9571828588041065e-05;0.0
12.614;4.944636942261859e-05;0.0
12.631;4.932110281334458e-05;0.0
12.648000000000001;4.9196028190801176e-05;0.0
12.665000000000001;4.907114498549713e-05;0.0
12.682;4.894645262786791e-05;0.0
12.699000000000002;4.8821950548275554e-05;0.0
12.716000000000001;4.869763817700876e-05;0.0
12.733;4.8573514944282694e-05;0.0
12.75;4.8449580280239356e-05;0.0
12.767;4.832583361494739e-05;0.0
12.784;4.8202274378401866e-05;0.0
12.801;4.807890200052456e-05;0.0
12.818000000000001;4.795571591116383e-05;0.0
12.835;4.783271554009497e-05;0.0
12.852;4.770990031701951e-05;0.0
12.869000000000002;4.758726967156566e-05;0.0
12.886000000000001;4.7464823033288425e-05;0.0
12.903;4.7342559831669454e-05;0.0
12.92;4.7220479496116815e-05;0.0
12.937000000000001;4.709858145596532e-05;0.0
12.954;4.697686514047648e-05;0.0
12.971;4.6855329978838224e-05;0.0
12.988000000000001;4.6733975400165356e-05;0.0
13.005;4.661280083349919e-05;0.0
13.022;4.6491805707807505e-05;0.0
13.039000000000001;4.6370989451985e-05;0.0
13.056000000000001;4.625035149485286e-05;0.0
13.072999999999999;4.612989126515881e-05;0.0
13.09;4.6009608191577375e-05;0.0
13.107000000000001;4.5889501702709596e-05;0.0
13.124;4.576957122708311e-05;0.0
13.141000000000002;4.5649816193152326e-05;0.0
13.158000000000001;4.5530236029298116e-05;0.0
13.175;4.5410830163828076e-05;0.0
13.192;4.5291598024976386e-05;0.0
13.209000000000001;4.517253904090395e-05;0.0
13.226;4.5053652639698066e-05;0.0
13.242999999999999;4.493493824937295e-05;0.0
13.260000000000002;4.481639529786918e-05;0.0
13.277000000000001;4.46980232130542e-05;0.0
13.294;4.4579821422721795e-05;0.0
13.311000000000002;4.446178935459274e-05;0.0
13.328000000000001;4.4343926436314124e-05;0.0
13.345;4.422623209545979e-05;0.0
13.362;4.410870575953011e-05;0.0
13.379000000000001;4.399134685595231e-05;0.0
13.396;4.387415481207998e-05;0.0
13.412999999999998;4.375712905519355e-05;0.0
13.430000000000001;4.364026901250001e-05;0.0
13.447000000000001;4.352357411113269e-05;0.0
13.464;4.340704377815208e-05;0.0
13.481000000000002;4.3290677440544884e-05;0.0
13.498000000000001;4.3174474525224667e-05;0.0
13.515;4.305843445903135e-05;0.0
13.532000000000002;4.294255666873171e-05;0.0
13.549000000000001;4.282684058101919e-05;0.0
13.565999999999999;4.2711285622513574e-05;0.0
13.583;4.259589121976172e-05;0.0
13.600000000000001;4.24806567992366e-05;0.0
13.617;4.236558178733808e-05;0.0
13.634;4.2250665610392734e-05;0.0
13.651000000000002;4.213590769465365e-05;0.0
13.668000000000001;4.206148447330801e-05;0.0
13.685;4.19959849036047e-05;0.0
13.702000000000002;4.193124031501995e-05;0.0
13.719000000000001;4.1867253191724094e-05;0.0
13.735999999999999;4.1804026022688766e-05;0.0
13.753;4.174156130168652e-05;0.0
13.770000000000001;4.167986152729151e-05;0.0
13.787;4.161892920287856e-05;0.0
13.804;4.155876683662425e-05;0.0
13.821000000000002;4.149937694150592e-05;0.0
13.838000000000001;4.144076203530212e-05;0.0
13.855;4.138292464059286e-05;0.0
13.872000000000002;4.1325867284759e-05;0.0
13.889;4.126959249998282e-05;0.0
13.905999999999999;4.121410282324762e-05;0.0
13.923000000000002;4.1159400796337976e-05;0.0
13.940000000000001;4.110548896583957e-05;0.0
13.957;4.105236988313939e-05;0.0
13.974;4.100004610442568e-05;0.0
13.991000000000001;4.0948520190687294e-05;0.0
14.008000000000001;4.089779470771509e-05;0.0
14.025;4.08478722261005e-05;0.0
14.042000000000002;4.079875532123638e-05;0.0
14.059;4.075044657331679e-05;0.0
14.076;4.0702948567336716e-05;0.0
14.093000000000002;4.0656263893092706e-05;0.0
14.110000000000001;4.061039514518235e-05;0.0
14.127;4.056534492300417e-05;0.0
14.144000000000002;4.05211158307582e-05;0.0
14.161000000000001;4.047771047744549e-05;0.0
14.178;4.043513147686838e-05;0.0
14.195;4.039338144763009e-05;0.0
14.212;4.035246301313549e-05;0.0
14.229;4.031237880159025e-05;0.0
14.246;4.027313144600144e-05;0.0
14.263000000000002;4.023472358417714e-05;0.0
14.280000000000001;4.0197157858726736e-05;0.0
14.297;4.016043691706084e-05;0.0
14.314000000000002;4.012456341139095e-05;0.0
14.331000000000001;4.008953999873028e-05;0.0
14.348;4.0055369340892616e-05;0.0
14.365;4.002205410449339e-05;0.0
14.382;3.998959696094887e-05;0.0
14.399000000000001;3.995800058647683e-05;0.0
14.416;3.992726766209598e-05;0.0
14.433000000000002;3.989740087362633e-05;0.0
14.450000000000001;3.9868402911689e-05;0.0
14.467;3.984027647170642e-05;0.0
14.484000000000002;3.981302425390202e-05;0.0
14.501000000000001;3.978664896330049e-05;0.0
14.518;3.976115330972778e-05;0.0
14.535000000000002;3.973654000781097e-05;0.0
14.552;3.97128117769782e-05;0.0
14.569;3.968997134145902e-05;0.0
14.586;3.967228097777517e-05;0.0
14.603000000000002;3.9658169848069256e-05;0.0
14.620000000000001;3.9644065647732376e-05;0.0
14.637;3.962996837404277e-05;0.0
14.654000000000002;3.9615878024279516e-05;0.0
14.671000000000001;3.9601794595722135e-05;0.0
14.688;3.9587718085651175e-05;0.0
14.705;3.957364849134766e-05;0.0
14.722;3.955958581009347e-05;0.0
14.739;3.9545530039171226e-05;0.0
14.756;3.9531481175864166e-05;0.0
14.773000000000001;3.951743921745625e-05;0.0
14.790000000000001;3.9503404161232284e-05;0.0
14.807;3.948937600447757e-05;0.0
14.824000000000002;3.9475354744478364e-05;0.0
14.841000000000001;3.94613403785214e-05;0.0
14.857999999999999;3.9447332903894396e-05;0.0
14.875;3.9433332317885666e-05;0.0
14.892000000000001;3.9419338617784064e-05;0.0
14.909;3.940535180087942e-05;0.0
14.926000000000002;3.939137186446215e-05;0.0
14.943000000000001;3.937739880582347e-05;0.0
14.96;3.936343262225522e-05;0.0
14.977;3.9349473311049966e-05;0.0
14.994000000000002;3.933552086950111e-05;0.0
15.011000000000001;3.9321575294902555e-05;0.0
15.027999999999999;3.9307636584549175e-05;0.0
15.045;3.929370473573638e-05;0.0
15.062000000000001;3.92797797457604e-05;0.0
15.079;3.926586161191801e-05;0.0
15.096000000000002;3.925195033150692e-05;0.0
15.113000000000001;3.9238045901825383e-05;0.0
15.13;3.9224148320172634e-05;0.0
15.147;3.921025758384816e-05;0.0
15.164000000000001;3.9196373690152704e-05;0.0
15.181000000000001;3.918249663638732e-05;0.0
15.197999999999999;3.916862641985395e-05;0.0
15.215000000000002;3.915476303785523e-05;0.0
15.232000000000001;3.9140906487694574e-05;0.0
15.249;3.9127056766675955e-05;0.0
15.266000000000002;3.9113213872104166e-05;0.0
15.283000000000001;3.90993778012848e-05;0.0
15.3;3.908554855152392e-05;0.0
15.317000000000002;3.9071726120128556e-05;0.0
15.334000000000001;3.905791050440633e-05;0.0
15.350999999999999;3.904410170166567e-05;0.0
15.367999999999999;3.9030299709215607e-05;0.0
15.385000000000002;3.901650452436595e-05;0.0
15.402000000000001;3.9002716144427136e-05;0.0
15.419;3.898893456671057e-05;0.0
15.436000000000002;3.8975159788528084e-05;0.0
15.453000000000001;3.896139180719235e-05;0.0
15.47;3.894763062001684e-05;0.0
15.487000000000002;3.8933876224315525e-05;0.0
15.504000000000001;3.8920128617403274e-05;0.0
15.520999999999999;3.890638779659569e-05;0.0
15.538;3.889265375920897e-05;0.0
15.555000000000001;3.8878926502560066e-05;0.0
15.572000000000001;3.8865206023966646e-05;0.0
15.589;3.885149232074726e-05;0.0
15.606000000000002;3.8837785390220796e-05;0.0
15.623000000000001;3.882408522970729e-05;0.0
15.64;3.8810391836527156e-05;0.0
15.657;3.8796705208001755e-05;0.0
15.674;3.8783025341453014e-05;0.0
15.690999999999999;3.876935223420371e-05;0.0
15.708000000000004;3.875568588357716e-05;0.0
15.725000000000003;3.874202628689763e-05;0.0
15.742000000000003;3.872837344148989e-05;0.0
15.758999999999999;3.871472734467942e-05;0.0
15.776000000000002;3.8701087993792755e-05;0.0
15.793000000000001;3.86874553861567e-05;0.0
15.81;3.867382951909897e-05;0.0
15.827;3.866021038994812e-05;0.0
15.844;3.86465979960332e-05;0.0
15.861;3.863299233468419e-05;0.0
15.878000000000004;3.861939340323157e-05;0.0
15.895000000000003;3.8605801199006717e-05;0.0
15.912000000000003;3.8592215719341606e-05;0.0
15.928999999999998;3.8578636961569e-05;0.0
15.946000000000002;3.856506492302237e-05;0.0
15.963000000000001;3.8551499601035886e-05;0.0
15.98;3.853794099294432e-05;0.0
15.997;3.8524389096083524e-05;0.0
16.014000000000003;3.851084390778953e-05;0.0
16.031000000000002;3.8497305425399647e-05;0.0
16.048000000000002;3.848377364625143e-05;0.0
16.065;3.847024856768348e-05;0.0
16.081999999999997;3.845673018703495e-05;0.0
16.098999999999997;3.844321850164573e-05;0.0
16.116;3.842971350885638e-05;0.0
16.133000000000003;3.8416215206008314e-05;0.0
16.150000000000002;3.840272359044365e-05;0.0
16.167;3.8389238659505035e-05;0.0
16.184;3.837576041053604e-05;0.0
16.201;3.836228884088085e-05;0.0
16.218;3.8348823947884394e-05;0.0
16.235;3.8335365728892386e-05;0.0
16.252000000000002;3.8321914181251005e-05;0.0
16.269000000000002;3.830846930230756e-05;0.0
16.286;3.8295031089409576e-05;0.0
16.303;3.828159953990572e-05;0.0
16.32;3.826817465114519e-05;0.0
16.337;3.8254756420478e-05;0.0
16.354000000000003;3.824134484525475e-05;0.0
16.371000000000002;3.8227939922826804e-05;0.0
16.388;3.821454165054627e-05;0.0
16.404999999999998;3.820115002576582e-05;0.0
16.421999999999997;3.8187765045839293e-05;0.0
16.439;3.817438670812067e-05;0.0
16.456;3.8161015009964953e-05;0.0
16.473000000000003;3.81476499487279e-05;0.0
16.490000000000002;3.8134291521765845e-05;0.0
16.507;3.8120939726435984e-05;0.0
16.524;3.810759456009595e-05;0.0
16.541;3.80942560201045e-05;0.0
16.558;3.808092410382081e-05;0.0
16.575000000000003;3.806759880860476e-05;0.0
16.592000000000002;3.8054280131817244e-05;0.0
16.609;3.804096807081945e-05;0.0
16.626;3.802766262297377e-05;0.0
16.643;3.8014363785642844e-05;0.0
16.66;3.8001071556190244e-05;0.0
16.677;3.798778593198032e-05;0.0
16.694000000000003;3.7974506910378086e-05;0.0
16.711000000000002;3.7961234488749176e-05;0.0
16.727999999999998;3.794796866446009e-05;0.0
16.744999999999997;3.793470943487792e-05;0.0
16.762;3.792145679737051e-05;0.0
16.779;3.7908210749306594e-05;0.0
16.796000000000003;3.789497128805521e-05;0.0
16.813000000000002;3.7881738410986563e-05;0.0
16.830000000000002;3.7868512115471365e-05;0.0
16.847;3.7855292398881e-05;0.0
16.864;3.7842079258587745e-05;0.0
16.881;3.782887269196428e-05;0.0
16.898;3.781567269638439e-05;0.0
16.915000000000003;3.780247926922227e-05;0.0
16.932000000000002;3.778929240785304e-05;0.0
16.949;3.7776112109652405e-05;0.0
16.966;3.7762938371996834e-05;0.0
16.983;3.7749771192263526e-05;0.0
17.0;3.7736610567830384e-05;0.0
